utc,desk_equity,control_equity,desk_open,control_open
2026-10-09 09:59,997.06,995.5,4,4
2026-10-09 10:04,981.2,988.49,4,5
2026-10-09 10:09,974.85,982.56,5,6
2026-10-09 10:16,975.27,986.99,6,6
2026-10-09 10:21,957.95,985.49,6,6
2026-10-09 10:26,929.99,998.77,5,6
2026-10-09 10:31,926.53,994.9,6,5
2026-10-09 10:37,941.5,989.25,5,5
2026-10-09 10:42,942.34,985.23,4,5
2026-10-09 10:47,945.49,973.52,4,4
2026-10-09 10:52,937.5,962.67,4,3
2026-10-09 10:57,936.85,962.68,4,3
2026-10-09 11:02,934.03,962.43,4,3
2026-10-09 11:07,954.78,958.66,5,4
2026-10-09 11:12,945.87,961.24,4,4
2026-10-09 11:17,946.78,963.3,4,4
2026-10-09 11:22,944.59,971.77,4,4
2026-10-09 11:27,942.47,967.37,3,4
2026-10-09 11:32,939.67,961.96,3,4
2026-10-09 11:37,937.95,962.14,3,4
2026-10-09 11:42,938.68,969.17,3,4
2026-10-09 11:47,943.0,961.05,3,3
2026-10-09 11:52,945.09,963.17,3,3
2026-10-09 11:58,944.42,961.58,3,3
2026-10-09 12:02,941.54,961.86,3,3
2026-10-09 12:08,934.9,961.88,4,3
2026-10-09 12:13,930.38,966.15,4,3
